{
  "24": [
    8.644088983535767, 
    "2693560"
  ], 
  "25": [
    10.096615076065063, 
    "2691214"
  ], 
  "26": [
    13.841304063796997, 
    "2689761"
  ], 
  "27": [
    13.8751699924469, 
    "2689711"
  ], 
  "20": [
    8.634522914886475, 
    "2701078"
  ], 
  "21": [
    8.636794090270996, 
    "2700475"
  ], 
  "22": [
    8.636899948120117, 
    "2700107"
  ], 
  "23": [
    8.643501996994019, 
    "2694525"
  ], 
  "28": [
    17.148746967315674, 
    "2689640"
  ], 
  "29": [
    20.079957962036133, 
    "2686815"
  ], 
  "1": [
    0.003751993179321289, 
    "2973048"
  ], 
  "3": [
    0.0048711299896240234, 
    "2962488"
  ], 
  "2": [
    0.0045969486236572266, 
    "2966260"
  ], 
  "5": [
    0.005773067474365234, 
    "2958555"
  ], 
  "4": [
    0.0051310062408447266, 
    "2961964"
  ], 
  "7": [
    0.0071239471435546875, 
    "2937769"
  ], 
  "6": [
    0.006582975387573242, 
    "2953408"
  ], 
  "9": [
    0.009951114654541016, 
    "2885696"
  ], 
  "8": [
    0.007255077362060547, 
    "2890226"
  ], 
  "11": [
    0.04336214065551758, 
    "2859855"
  ], 
  "10": [
    0.04321694374084473, 
    "2879807"
  ], 
  "13": [
    0.07201099395751953, 
    "2790155"
  ], 
  "12": [
    0.04793596267700195, 
    "2797729"
  ], 
  "15": [
    0.08854198455810547, 
    "2744580"
  ], 
  "14": [
    0.08843398094177246, 
    "2746964"
  ], 
  "17": [
    0.08891105651855469, 
    "2706800"
  ], 
  "16": [
    0.0887141227722168, 
    "2707290"
  ], 
  "19": [
    5.716519117355347, 
    "2702636"
  ], 
  "18": [
    2.5462119579315186, 
    "2702956"
  ], 
  "31": [
    101.50811910629272, 
    "2683991"
  ], 
  "30": [
    36.53210711479187, 
    "2685051"
  ], 
  "32": [
    202.44907093048096, 
    "2682597"
  ]
}